"Freq [GHz]","dB(S(1,1)) []","dB(S(2,1)) []","dB(S(1,2)) []","dB(S(2,2)) []"
1,-40.7994759811182,-0.188698235264426,-0.188698235261308,-43.3237396746724
1.0475,-40.9951226895721,-0.194821836684206,-0.194821836678127,-43.318639771013
1.095,-39.7850997051833,-0.202450732424109,-0.202450732415918,-41.5186265496626
1.1425,-38.1214019702524,-0.211297268782875,-0.211297268773328,-39.3845423976438
1.19,-36.5421799252351,-0.221110905090477,-0.221110905080238,-37.4975367866892
1.2375,-35.1784872978842,-0.231672401706723,-0.23167240169637,-35.9199051996195
1.285,-34.026941462427,-0.242789162872106,-0.242789162862128,-34.6051454263804
1.3325,-33.0561015250898,-0.254291483035877,-0.254291483026682,-33.5007651321048
1.38,-32.2345018321808,-0.266029496843287,-0.266029496835204,-32.5651541173208
1.4275,-31.5362807810204,-0.27787067475871,-0.277870674751974,-31.7674293379689
1.475,-30.9412350656683,-0.289697740095063,-0.289697740089846,-31.0848330576695
1.5225,-30.4337576537363,-0.301406911232388,-0.301406911228765,-30.5004270129297
1.57,-30.0017684890116,-0.31290639781045,-0.312906397808423,-30.0014111106807
1.6175,-29.6358616551305,-0.324115105522321,-0.324115105521794,-29.5779534054735
1.665,-29.3286692258467,-0.334961536814431,-0.334961536815214,-29.2223822687883
1.7125,-29.0743967293426,-0.345382924292024,-0.345382924293813,-28.9286263987343
1.76,-28.8684856464904,-0.35532471655443,-0.355324716556798,-28.6918242094375
1.8075,-28.7073681707057,-0.364740678310983,-0.364740678313373,-28.5080502761852
1.855,-28.5882890670775,-0.373594100206503,-0.37359410020825,-28.3741239691697
1.9025,-28.5091769578974,-0.381860952653527,-0.3818609526539,-28.2874768194566
1.95,-28.4685528153496,-0.389536165454314,-0.38953616545263,-28.2460626538538
1.9975,-28.465467352384,-0.396644122554638,-0.396644122550502,-28.248299551608
2.045,-28.4994618443512,-0.403252720559104,-0.403252720552753,-28.293036137955
2.0925,-28.5705490616979,-0.409484983452003,-0.409484983444649,-28.3795372192204
2.14,-28.6792127346339,-0.415513132811498,-0.415513132805267,-28.5074856506388
2.1875,-28.8264255355825,-0.421516220581055,-0.421516220578285,-28.6769988525925
2.235,-29.013687166557,-0.427603783860996,-0.427603783862961,-28.8886597207883
2.2825,-29.243086008765,-0.433753617863056,-0.433753617869148,-29.1435629378633
2.33,-29.5173902341433,-0.439823386358718,-0.439823386366958,-29.4433789943318
2.3775,-29.8401777453488,-0.445631323402514,-0.445631323410815,-29.7904396582333
2.425,-30.2160195368097,-0.451037747711511,-0.451037747718536,-30.1878502623621
2.4725,-30.6507393220031,-0.455978009354371,-0.455978009359674,-30.6396359951389
2.52,-31.1517858421747,-0.460452640157094,-0.460452640160816,-31.1509311475328
2.5675,-31.7287774912532,-0.464502518239678,-0.464502518242232,-31.7282211123797
2.615,-32.3943203507515,-0.468187335106683,-0.468187335108486,-32.3796442716647
2.6625,-33.1652783961011,-0.471572215942878,-0.471572215944285,-33.1153475483504
2.71,-34.0648285100981,-0.474720968602159,-0.474720968603412,-33.9478455582119
2.7575,-35.1259588737391,-0.477693293663676,-0.477693293664937,-34.8922040930806
2.805,-36.3978185555099,-0.480543970901611,-0.480543970902973,-35.9654994575439
2.8525,-37.958235087797,-0.483322883097626,-0.483322883099117,-37.1839576711267
2.9,-39.9412768922323,-0.486075314044401,-0.48607531404603,-38.5532614687518
2.9475,-42.6081613128591,-0.488842276429142,-0.488842276430857,-40.0401762762941
2.995,-46.5777252543396,-0.491660782104416,-0.491660782106202,-41.5024305918783
3.0425,-53.8585929512533,-0.494564037222895,-0.494564037224686,-42.5838551360608
3.09,-56.2967683331693,-0.497581572271784,-0.497581572273551,-42.7996825744448
3.1375,-47.5523181266017,-0.500739325365889,-0.500739325367581,-42.0568583983391
3.185,-42.9773461665433,-0.504059697465692,-0.504059697467264,-40.8009436192974
3.2325,-39.9542946306379,-0.507561595606142,-0.507561595607548,-39.433730164585
3.28,-37.7073995446311,-0.51126047695015,-0.51126047695138,-37.903186253125
3.3275,-35.9281069645656,-0.515168403372108,-0.515168403373143,-36.0324314158592
3.375,-34.4637394196263,-0.519294113596708,-0.519294113597523,-34.3482709413517
3.4225,-33.2278642603083,-0.5236431176958,-0.523643117696413,-33.0718133538067
3.47,-32.1669122149959,-0.528217816926913,-0.5282178169273,-32.0541861387923
3.5175,-31.2454538967873,-0.533017650407949,-0.533017650408133,-31.1918619855833
3.565,-30.4388881032134,-0.538039268899507,-0.538039268899483,-30.4385192321162
3.6125,-29.7294779103918,-0.54327673495362,-0.543276734953399,-29.7718480491769
3.66,-29.1040518880741,-0.548721747849664,-0.548721747849257,-29.1792197143813
3.7075,-28.5525982257067,-0.554363891042825,-0.554363891042257,-28.6524370172226
3.755,-28.0673675835324,-0.560190899281447,-0.560190899280739,-28.1856809951634
3.8025,-27.6422806553946,-0.56618894209016,-0.566188942089332,-27.7746033209972
3.85,-27.2725261218508,-0.572342919957662,-0.572342919956731,-27.4158681941384
3.8975,-26.9542819808402,-0.578636769303007,-0.578636769302003,-27.1068920588435
3.945,-26.6845194517872,-0.585053772115865,-0.5850537721148,-26.845681950689
3.9925,-26.4608637997843,-0.591576866069322,-0.591576866068223,-26.6307295731306
4.04,-26.2814955232303,-0.598188950882528,-0.59818895088141,-26.4609407860846
4.0875,-26.1450810046205,-0.604873186759306,-0.604873186758193,-26.3355900804017
4.135,-26.050725362892,-0.611613280842176,-0.611613280841072,-26.2542943846099
4.1825,-25.9979426707042,-0.618393757792757,-0.618393757791685,-26.2170031266375
4.23,-25.9866403812335,-0.625200210834011,-0.625200210832986,-26.224003073512
4.2775,-26.0171160299925,-0.632019529860103,-0.632019529859132,-26.2759376574121
4.325,-26.09006521324,-0.638840103531134,-0.63884010353022,-26.3738415651927
4.3725,-26.2066006041772,-0.64565199261676,-0.645651992615922,-26.5191925196779
4.42,-26.3682824116717,-0.652447072229597,-0.652447072228824,-26.7139835932293
4.4675,-26.5771612266376,-0.659219140992149,-0.659219140991453,-26.9608212759274
4.515,-26.8358345826298,-0.66596399560666,-0.665963995606041,-27.2630571586282
4.5625,-27.1475185950643,-0.672679469740712,-0.672679469740168,-27.6249649100636
4.61,-27.5161352847464,-0.67936543660303,-0.679365436602566,-28.0519798752917
4.6575,-27.9464135999551,-0.686023775058199,-0.686023775057795,-28.5510270848414
4.705,-28.4439953958066,-0.692658299617285,-0.692658299616948,-29.1309761672367
4.7525,-29.0155214485254,-0.699274655139251,-0.699274655138982,-29.8032803752649
4.8,-29.6686349774792,-0.705880177585679,-0.705880177585468,-30.5828826528296
4.8475,-30.4117534625848,-0.712483722684543,-0.712483722684376,-31.4894990900276
4.895,-31.2532598681431,-0.719095464875794,-0.719095464875693,-32.5493844827305
4.9425,-32.1993074331907,-0.72572666942745,-0.725726669427372,-33.797485058047
4.99,-33.2484225881795,-0.732389441119765,-0.73238944111972,-35.2787844213016
5.0375,-34.3791217341482,-0.73909645339118,-0.739096453391167,-37.0425135665238
5.085,-35.5244563958593,-0.745860662313057,-0.745860662313068,-39.0998617573331
5.1325,-36.5325695461642,-0.752695010201312,-0.752695010201339,-41.2293211958558
5.18,-37.1514834460289,-0.759612124069959,-0.759612124069986,-42.4819870994123
5.2275,-37.1415965048059,-0.766624014470842,-0.766624014470889,-41.6898605176216
5.275,-36.4922254487571,-0.773741780531493,-0.773741780531553,-39.5859824161045
5.3225,-35.433003424921,-0.780975327184206,-0.780975327184259,-37.3688838005459
5.37,-34.2205178445484,-0.78833310065956,-0.788333100659609,-35.4210087405716
5.4175,-33.0137529838182,-0.795821848282166,-0.795821848282223,-33.7683761874721
5.465,-31.8840371633179,-0.803446408443026,-0.803446408443082,-32.3656579900091
5.5125,-30.8548520198087,-0.811209536321074,-0.811209536321111,-31.1655108440159
5.56,-29.9284633731698,-0.819111770478265,-0.819111770478297,-30.1301938203131
5.6075,-29.099046443327,-0.827151344854138,-0.827151344854156,-29.2312327310636
5.655,-28.3584528576748,-0.835324149937119,-0.835324149937141,-28.4472804258567
5.7025,-27.6985806754798,-0.843623745996467,-0.843623745996472,-27.7622039714685
5.75,-27.1122636444965,-0.852041430229173,-0.852041430229181,-27.1636665984768
5.7975,-26.5935295603169,-0.860566358527716,-0.860566358527717,-26.6421249560079
5.845,-26.1375929031004,-0.869185721324543,-0.86918572132453,-26.190126299716
5.8925,-25.7407361335879,-0.877884971646499,-0.877884971646499,-25.8018139906317
5.94,-25.4001449783782,-0.886648102143354,-0.886648102143339,-25.4725770587603
5.9875,-25.1137278130483,-0.895457966475044,-0.89545796647504,-25.1988004113561
6.035,-24.8799376165904,-0.904296639089625,-0.904296639089607,-24.9776866008665
6.0825,-24.6976125289685,-0.913145806135101,-0.913145806135085,-24.807129668787
6.13,-24.5658502802515,-0.921987179068378,-0.921987179068371,-24.6856280227331
6.1775,-24.4839288946897,-0.93080292149121,-0.930802921491203,-24.6122277089379
6.225,-24.4512801551804,-0.939576078899952,-0.939576078899935,-24.5864905668709
6.2725,-24.4675146342567,-0.948291000421244,-0.948291000421228,-24.608484104648
6.32,-24.5324901297137,-0.956933741255403,-0.956933741255377,-24.6787918704118
6.3675,-24.6464113555773,-0.965492434495825,-0.96549243449581,-24.7985448934315
6.415,-24.8099487451189,-0.9739576212609,-0.973957621260873,-24.969476683317
6.4625,-25.024367755049,-0.982322528684087,-0.982322528684059,-25.1940065895515
6.51,-25.2916657173534,-0.990583286266674,-0.990583286266627,-25.4753594118149
6.5575,-25.6147195507559,-0.998739072404557,-0.998739072404529,-25.8177335739417
6.605,-25.9974534672497,-1.00679218454298,-1.00679218454294,-26.2265368264048
6.6525,-26.4450407021312,-1.01474802836324,-1.0147480283632,-26.7087188192862
6.7,-26.9641569035738,-1.02261502362239,-1.02261502362237,-27.2732465545636
6.7475,-27.5633038197937,-1.03040442669572,-1.03040442669569,-27.9317961463616
6.795,-28.2532154217499,-1.03813007244033,-1.0381300724403,-28.6997802211102
6.8425,-29.0473290973337,-1.04580804062668,-1.04580804062665,-29.597907391813
6.89,-29.9622053987048,-1.0534562547755,-1.05345625477549,-30.6545952846862
6.9375,-31.0174704581475,-1.06109402369275,-1.06109402369276,-31.9097290573835
6.985,-32.2339059396161,-1.06874153820871,-1.06874153820872,-33.4202898858077
7.0325,-33.6254192164193,-1.07641933749596,-1.07641933749598,-35.2668993052554
7.08,-35.172279569977,-1.08414776077283,-1.08414776077284,-37.548221201686
7.1275,-36.7449732623223,-1.09194640110921,-1.09194640110924,-40.2678066209722
7.175,-37.9589655960947,-1.09983357838219,-1.09983357838223,-42.6317103079999
7.2225,-38.2036107153573,-1.10782584813936,-1.10782584813942,-42.2774615954386
7.27,-37.2961482563776,-1.11593756221143,-1.11593756221149,-39.6417001121665
7.3175,-35.7610234103378,-1.1241804953913,-1.12418049539138,-36.9386974215498
7.365,-34.1212469294105,-1.13256355041716,-1.13256355041724,-34.6985243615642
7.4125,-32.6015815649934,-1.1410925509415,-1.14109255094157,-32.8752488884199
7.46,-31.2573529501499,-1.14977012923951,-1.14977012923959,-31.3713092103621
7.5075,-30.0848545100914,-1.15859571223398,-1.15859571223406,-30.1111927378745
7.555,-29.0651286110741,-1.16756560611997,-1.16756560612003,-29.0419246339629
7.6025,-28.1779596249475,-1.17667317660365,-1.17667317660371,-28.1263832852718
7.65,-27.4056740562371,-1.18590911865396,-1.18590911865402,-27.3380537818305
7.6975,-26.7337443720121,-1.19526180682773,-1.19526180682778,-26.6575773260828
7.745,-26.1504864185565,-1.2047177147702,-1.20471771477023,-26.0705389743939
7.7925,-25.6465757370387,-1.2142618904928,-1.21426189049281,-25.5660352605607
7.84,-25.2145976706563,-1.22387847254362,-1.22387847254364,-25.1357287878931
7.8875,-24.8486812808118,-1.23355123123916,-1.23355123123915,-24.7732115224585
7.935,-24.5442163889204,-1.24326411872143,-1.2432641187214,-24.4735683721311
7.9825,-24.2976401128265,-1.2530018117199,-1.25300181171987,-24.2330742059709
8.03,-24.1062783756667,-1.26275023149262,-1.26275023149256,-24.0489824106342
8.0775,-23.9682303540832,-1.27249702644005,-1.27249702643999,-23.9193783690764
8.125,-23.8822868637985,-1.28223200426351,-1.28223200426343,-23.8430809035292
8.1725,-23.8478764352799,-1.29194750220752,-1.29194750220743,-23.8195810771477
8.22,-23.8650351802434,-1.30163868581231,-1.30163868581222,-23.8490121786818
8.2675,-23.9343985830871,-1.31130376863995,-1.31130376863986,-23.9321480844235
8.315,-24.0572152273026,-1.32094414756455,-1.32094414756446,-24.0704300912896
8.3625,-24.235384363127,-1.33056445037832,-1.33056445037822,-24.2660252158518
8.41,-24.4715213328087,-1.34017249461253,-1.34017249461245,-24.5219223249748
8.4575,-24.7690574118048,-1.34977915856921,-1.34977915856914,-24.8420768827577
8.505,-25.1323838425538,-1.35939816756993,-1.35939816756988,-25.2316213996162
8.5525,-25.5670539672539,-1.36904580032995,-1.36904580032991,-25.6971681657777
8.6,-26.0800624673668,-1.37874052213452,-1.37874052213448,-26.2472457006373
8.6475,-26.6802261096424,-1.38850255311394,-1.38850255311391,-26.8929341342772
8.695,-27.3786928684695,-1.39835338136623,-1.39835338136624,-27.6488032440083
8.7425,-28.1895944942205,-1.40831523194932,-1.40831523194932,-28.5343183462596
8.79,-29.130794218379,-1.4184105038394,-1.41841050383944,-29.5759697587326
8.8375,-30.2244445665053,-1.42866118781977,-1.42866118781979,-30.8104724762023
8.885,-31.4962558082721,-1.43908827890469,-1.43908827890473,-32.2892302645661
8.9325,-32.9696211215394,-1.44971119730905,-1.44971119730908,-34.0824082014557
8.98,-34.641671548311,-1.46054723212977,-1.46054723212981,-36.2689675931001
9.0275,-36.4031699454142,-1.47161102180569,-1.47161102180571,-38.828817324392
9.075,-37.8475400691754,-1.48291408506102,-1.48291408506104,-41.0733645440689
9.1225,-38.2159996565088,-1.49446441541723,-1.49446441541725,-41.0163420657232
9.17,-37.2298936886035,-1.50626615148471,-1.5062661514847,-38.7202172100025
9.2175,-35.5506722126305,-1.51831933413267,-1.51831933413268,-36.1551235633929
9.265,-33.8021572361655,-1.53061976030636,-1.53061976030634,-33.9684354060948
9.3125,-32.2167385365389,-1.54315894173644,-1.54315894173641,-32.171616950542
9.36,-30.8356002640365,-1.55592417510713,-1.55592417510708,-30.6850347120647
9.4075,-29.6433947638854,-1.56889872844621,-1.56889872844614,-29.4389462977342
9.455,-28.6139953060872,-1.58206214661843,-1.58206214661837,-28.3823734585742
9.5025,-27.7230170662071,-1.59539067688048,-1.59539067688039,-27.4789271411764
9.55,-26.9503871151015,-1.60885781353203,-1.60885781353194,-26.7023805861901
9.5975,-26.2802097154112,-1.62243495880956,-1.62243495880947,-26.0335083133339
9.645,-25.7000396110219,-1.63609219534602,-1.63609219534591,-25.4579791547465
9.6925,-25.2001470542532,-1.64979916378543,-1.64979916378534,-24.9649582737765
9.74,-24.7729086767919,-1.66352603750947,-1.6635260375094,-24.5461657695269
9.7875,-24.4123310763759,-1.67724458490823,-1.67724458490814,-24.1952291242235
9.835,-24.1136835249587,-1.69092930820551,-1.69092930820545,-23.9072273477877
9.8825,-23.873213873463,-1.70455864651633,-1.70455864651629,-23.6783625831462
9.93,-23.6879264568901,-1.71811622954698,-1.71811622954698,-23.5057183303108
9.9775,-23.555406294257,-1.73159216712276,-1.73159216712275,-23.3870780031488
10.025,-23.473678463378,-1.74498435850906,-1.74498435850911,-23.3207867369123
10.0725,-23.441094951249,-1.75829980425145,-1.75829980425151,-23.3056452860976
10.12,-23.4562436583693,-1.7715559019659,-1.77155590196599,-23.3408287103152
10.1675,-23.5178757590691,-1.78478170614639,-1.78478170614651,-23.4258250606203
10.215,-23.6248484639095,-1.79801913060708,-1.79801913060719,-23.5603908762574
10.2625,-23.7760805401089,-1.81132407065127,-1.81132407065141,-23.7445212308881
10.31,-23.9705178408323,-1.82476742048319,-1.82476742048332,-23.9784324620432
10.3575,-24.2071056666292,-1.8384359598018,-1.83843595980193,-24.2625556219054
10.405,-24.4847640928754,-1.85243308202128,-1.85243308202137,-24.5975380500091
10.4525,-24.8023614653331,-1.86687933525667,-1.86687933525673,-24.9842491013679
10.5,-25.1586800628297,-1.88191274624705,-1.88191274624702,-25.423783554163
10.5475,-25.5472110586157,-1.88684043979627,-1.88684043979625,-25.92395185952
10.595,-25.9840783350214,-1.89513808295823,-1.89513808295822,-26.4920950482877
10.6425,-26.4715447988395,-1.90619323708879,-1.90619323708878,-27.1356801866647
10.69,-27.0104391945984,-1.9194489440001,-1.9194489440001,-27.8621831321539
10.7375,-27.5990527570683,-1.93440703119269,-1.93440703119269,-28.6778988775717
10.785,-28.2313977820724,-1.95062958703045,-1.95062958703045,-29.5852082958803
10.8325,-28.8945928456894,-1.96773885771715,-1.96773885771716,-30.576618680259
10.88,-29.5653162499438,-1.98541581810193,-1.98541581810194,-31.6226036218501
10.9275,-30.2059845763819,-2.00339765645755,-2.00339765645758,-32.6500320441608
10.975,-30.7630070208852,-2.02147439423465,-2.02147439423469,-33.5162735296536
11.0225,-31.1717598899771,-2.03948483923932,-2.03948483923937,-34.0152403893084
11.07,-31.3726013824385,-2.05731204754543,-2.05731204754549,-33.9767188855158
11.1175,-31.3342089665778,-2.07487844762447,-2.07487844762454,-33.4084868404426
11.165,-31.0686667156288,-2.09214076073478,-2.09214076073485,-32.4885151919511
11.2125,-30.6249357519251,-2.10908483498777,-2.10908483498785,-31.4195234803792
11.26,-30.0667906993185,-2.12572049664822,-2.1257204966483,-30.3377146735084
11.3075,-29.4525529991515,-2.14207651074279,-2.14207651074287,-29.3115255717528
11.355,-28.8257647192335,-2.15819573336386,-2.15819573336394,-28.3679329227633
11.4025,-28.214791089216,-2.17413052949435,-2.17413052949441,-27.5132854617199
11.45,-27.636204918774,-2.18993852208467,-2.18993852208472,-26.7448621767843
11.4975,-27.0986052056786,-2.20567872990215,-2.20567872990219,-26.0564962014497
11.545,-26.6056323640681,-2.22140814289796,-2.22140814289798,-25.4411385890504
11.5925,-26.1580314712659,-2.23717877421588,-2.23717877421588,-24.8919618510256
11.64,-25.7549661181023,-2.25303521740168,-2.25303521740165,-24.4027898222968
11.6875,-25.3948217702486,-2.26901272594363,-2.26901272594359,-23.9682245481316
11.735,-25.0756840237769,-2.28513582022755,-2.28513582022749,-23.5836423991127
11.7825,-24.7956168885716,-2.3014174146942,-2.30141741469411,-23.2451387791698
11.83,-24.5528205027496,-2.31785844589943,-2.31785844589931,-22.949457485668
11.8775,-24.345717211244,-2.33444797078733,-2.33444797078719,-22.6939205560944
11.925,-24.1729957626561,-2.35116369426863,-2.35116369426847,-22.4763650162162
11.9725,-24.0336316171986,-2.36797287656422,-2.36797287656405,-22.2950886175728
12.02,-23.9268942227116,-2.38483356404352,-2.38483356404333,-22.1488047346269
12.0675,-23.8523477939652,-2.40169608265372,-2.40169608265353,-22.0366058091644
12.115,-23.8098494987694,-2.41850473056537,-2.41850473056517,-21.9579344693909
12.1625,-23.7995473252313,-2.43519960628628,-2.43519960628608,-21.9125614157451
12.21,-23.8218788529961,-2.45171851004737,-2.45171851004716,-21.9005692057363
12.2575,-23.8775714026296,-2.467998859474,-2.46799885947381,-21.9223411048646
12.305,-23.9676433925144,-2.48397956510403,-2.48397956510384,-21.9785541440048
12.3525,-24.0934060146898,-2.49960281684408,-2.49960281684391,-22.0701753789065
12.4,-24.2564633456174,-2.51481573861593,-2.51481573861577,-22.1984600054754
12.4475,-24.4587074441046,-2.52957187489735,-2.5295718748972,-22.364949316869
12.495,-24.70230239205,-2.54383247930784,-2.54383247930771,-22.5714652770542
12.5425,-24.9896468240883,-2.5575675815634,-2.5575675815633,-22.8200963546726
12.59,-25.323296937831,-2.57075681479106,-2.57075681479098,-23.1131655612343
12.6375,-25.7058190140433,-2.58338999011963,-2.58338999011957,-23.4531652471945
12.685,-26.1395183588321,-2.5954674093671,-2.59546740936706,-23.8426322089328
12.7325,-26.6259544944928,-2.60699990910983,-2.60699990910982,-24.2839178395339
12.78,-27.1650927182227,-2.61800862974984,-2.61800862974985,-24.778776326686
12.8275,-27.7538545164767,-2.62852450017556,-2.62852450017557,-25.3276421484662
12.875,-28.3837287102364,-2.63858742013376,-2.63858742013379,-25.9283897048073
12.9225,-29.0370826107896,-2.6482451049928,-2.64824510499283,-26.5742689070278
12.97,-29.6821659525739,-2.65755152588416,-2.6575515258842,-27.250650408697
13.0175,-30.2681963250227,-2.66656482600209,-2.66656482600212,-27.9304100508218
13.065,-30.7250337503714,-2.67534452001286,-2.67534452001288,-28.5687771389682
13.1125,-30.9751226178572,-2.68394771588916,-2.68394771588915,-29.1010400946536
13.16,-30.9610647092951,-2.69242416641664,-2.69242416641661,-29.4500642747256
13.2075,-30.6747113159761,-2.70081056510434,-2.70081056510428,-29.5494905310268
13.255,-30.162113534448,-2.70912655438483,-2.70912655438477,-29.3745997718633
13.3025,-29.4992706321613,-2.71737934520514,-2.7173793452051,-28.9562841248913
13.35,-28.7616295227801,-2.72558784770523,-2.72558784770522,-28.3641782827898
13.3975,-28.0071962950916,-2.73382690447216,-2.73382690447218,-27.6755988695134
13.445,-27.2740061740087,-2.74225506862763,-2.74225506862766,-26.9539492842128
13.4925,-26.5843058069217,-2.75107178759179,-2.75107178759177,-26.2425964258256
13.54,-25.9497737317241,-2.76042484944411,-2.760424849444,-25.5677292424736
13.5875,-25.3756363370433,-2.77036115383877,-2.77036115383859,-24.9435513889488
13.635,-24.8634154179539,-2.78085034329368,-2.78085034329347,-24.376765118261
13.6825,-24.4126232967962,-2.79183018416916,-2.79183018416894,-23.8696867667355
13.73,-24.0217664187251,-2.80323414416171,-2.80323414416151,-23.4222091335049
13.7775,-23.6889254905711,-2.81499941161218,-2.814999411612,-23.0329768076511
13.825,-23.4120851475763,-2.8270658489658,-2.82706584896565,-22.7000700856712
13.8725,-23.1893180885542,-2.83937302775757,-2.83937302775745,-22.4213948771992
13.92,-23.0188854309412,-2.85185801975155,-2.85185801975146,-22.1949003838946
13.9675,-22.8992889447925,-2.86445442808821,-2.86445442808815,-22.0186969037944
14.015,-22.829295310484,-2.87709245209587,-2.87709245209584,-21.8911158480296
14.0625,-22.8079432281558,-2.88969967613889,-2.88969967613888,-21.8107359859339
14.11,-22.8345383471855,-2.90220232880887,-2.90220232880887,-21.7763891414179
14.1575,-22.9086368688696,-2.91452683089255,-2.91452683089256,-21.787151932154
14.205,-23.0300151588805,-2.92660150514519,-2.92660150514522,-21.8423257556215
14.2525,-23.1986188890102,-2.93835835677373,-2.93835835677377,-21.9414038714792
14.3,-23.4144802306996,-2.9497348561003,-2.94973485610035,-22.0840212723631
14.3475,-23.6775844132671,-2.96067566910267,-2.96067566910272,-22.2698794012444
14.395,-23.9876562472666,-2.97113429077362,-2.97113429077368,-22.4986330209065
14.4425,-24.3438215355993,-2.98107454253703,-2.98107454253708,-22.7697200107628
14.49,-24.7440766837515,-2.99047189946845,-2.9904718994685,-23.0821059755278
14.5375,-25.1844740584583,-2.99931461645016,-2.99931461645021,-23.4339042131903
14.585,-25.657911347552,-3.00760462502389,-3.00760462502393,-23.8218193886543
14.6325,-26.1524335303838,-3.01535817482827,-3.01535817482831,-24.2403561899835
14.68,-26.6490956350455,-3.02260619530169,-3.02260619530172,-24.6807482185239
14.7275,-27.1198369164611,-3.02939435495133,-3.02939435495135,-25.1296317796605
14.775,-27.5266188705067,-3.03578279709421,-3.03578279709422,-25.5676727867961
14.8225,-27.8240603842308,-3.04184553272359,-3.04184553272359,-25.9687135115908
14.87,-27.9677505669768,-3.04766947320183,-3.04766947320183,-26.3004955716163
14.9175,-27.9273882000233,-3.05335308796469,-3.05335308796467,-26.5282642954733
14.965,-27.6984407201262,-3.05900467544418,-3.05900467544416,-26.6217691456571
15.0125,-27.3041885926848,-3.06474023901538,-3.06474023901534,-26.5638523944905
15.06,-26.7865452610916,-3.07068096389288,-3.07068096389284,-26.3563705149192
15.1075,-26.1924497257791,-3.07695029537097,-3.07695029537092,-26.0196923595143
15.155,-25.5635570829868,-3.0836706232875,-3.08367062328747,-25.5861075561431
15.2025,-24.931843696593,-3.09095958158707,-3.09095958158705,-25.091226105278
15.25,-24.3195637967186,-3.09892597465277,-3.09892597465276,-24.5673933416134
15.2975,-23.7411296482882,-3.1076653427583,-3.10766534275827,-24.0405388388806
15.345,-23.205318753706,-3.11725517647513,-3.11725517647513,-23.529742245177
15.3925,-22.7171344267775,-3.12774978297455,-3.12774978297456,-23.0482050283499
15.44,-22.2791747220624,-3.13917479479512,-3.13917479479515,-22.6046395882858
15.4875,-21.8925741663795,-3.15152129314966,-3.15152129314971,-22.2045707008807
15.535,-21.5576313811863,-3.16473949370522,-3.16473949370529,-21.8513767799833
15.5825,-21.2742244157635,-3.17873191594271,-3.17873191594278,-21.5470619091827
15.63,-21.0420902250007,-3.19334593565633,-3.19334593565641,-21.2928082529841
15.6775,-20.8610214147369,-3.20836562163098,-3.20836562163106,-21.0893678136956
15.725,-20.7310159110153,-3.2235028183275,-3.22350281832752,-20.9373437400908
15.7725,-20.6524030669538,-3.23838762703543,-3.23838762703542,-20.8373983856957
15.82,-20.6259612180666,-3.25255888979373,-3.25255888979371,-20.7904127591797
15.8675,-20.6530348399649,-3.26545622684183,-3.26545622684172,-20.7976102850359
15.915,-20.7356517673241,-3.27641700671595,-3.27641700671577,-20.8606450208071
15.9625,-20.876628533741,-3.28468490782785,-3.28468490782757,-20.9816368181958
16.01,-21.0796276913554,-3.28944209469437,-3.28944209469403,-21.1631066469383
16.0575,-21.3490811261559,-3.28988457918681,-3.28988457918641,-21.4077129618609
16.105,-21.6897912795478,-3.28536786594148,-3.28536786594103,-21.7175966691729
16.1525,-22.1058210351678,-3.27564925689464,-3.27564925689418,-22.0929873672984
16.2,-22.5979210492847,-3.26122531641956,-3.26122531641922,-22.529513742204
16.2475,-23.1582285330597,-3.24368171763938,-3.2436817176392,-23.0135466767376
16.295,-23.7607743464836,-3.22583749471619,-3.22583749471613,-23.5154926286444
16.3425,-24.3485067981214,-3.21137400188608,-3.21137400188617,-23.9837117751239
16.39,-24.8265783594136,-3.20380213571723,-3.2038021357174,-24.3478029406694
16.4375,-25.0862390102069,-3.20512391033482,-3.20512391033486,-24.5434429207805
16.485,-25.0715822347406,-3.21498181674547,-3.21498181674535,-24.5540411057675
16.5325,-24.8330499846017,-3.23085365179204,-3.23085365179178,-24.4313858215912
16.58,-24.4943353431284,-3.24906561274349,-3.2490656127431,-24.2665261232684
16.6275,-24.1705549536879,-3.26590706118218,-3.26590706118175,-24.1386676780269
16.675,-23.9217159531827,-3.27832397752605,-3.27832397752567,-24.0845251690586
16.7225,-23.7533830604922,-3.28412140653603,-3.2841214065357,-24.0949862670766
16.77,-23.6348803043212,-3.28186202444579,-3.28186202444557,-24.1244486712128
16.8175,-23.5163569345139,-3.27066000461738,-3.27066000461717,-24.1032305447901
16.865,-23.3418980522004,-3.24998547357759,-3.24998547357743,-23.953638235238
16.9125,-23.0612011593872,-3.21952084097404,-3.21952084097387,-23.6121555176987
16.96,-22.6404600610437,-3.17907192037939,-3.17907192037921,-23.0515089433614
17.0075,-22.0693272531498,-3.12852431507916,-3.12852431507885,-22.2882260020856
17.055,-21.3603084357948,-3.0678356218202,-3.06783562181976,-21.3697368468587
17.1025,-20.541111041896,-2.99705854963783,-2.99705854963731,-20.3524147299224
17.15,-19.6447271433995,-2.9163956937694,-2.91639569376873,-19.2853508923769
17.1975,-18.7019476210256,-2.82629252882095,-2.82629252882017,-18.2044512313192
17.245,-17.7379210816618,-2.7275811328498,-2.72758113284889,-17.1334312716527
17.2925,-16.7718972181704,-2.6216930449697,-2.62169304496876,-16.0873496803366
17.34,-15.8186672996068,-2.51096431114792,-2.51096431114699,-15.0762862203358
17.3875,-14.8906348563755,-2.39905573457097,-2.39905573457009,-14.108423004298
17.435,-14.0000102660304,-2.29149893959419,-2.29149893959346,-13.1925399591974
17.4825,-13.1609573058866,-2.19633993896096,-2.19633993896044,-12.3401112412826
17.53,-12.3915835865943,-2.12476606596904,-2.12476606596877,-11.5670776800177
17.5775,-11.7154879905198,-2.09145331593482,-2.09145331593479,-10.8950849789179
17.625,-11.1622066223863,-2.11418218106927,-2.11418218106942,-10.3515766597104
17.6725,-10.7655318708956,-2.21216471010999,-2.21216471011017,-9.96780760636356
17.72,-10.5588358411284,-2.40275842778191,-2.40275842778195,-9.77407737094434
17.7675,-10.5678555533685,-2.69703498338612,-2.69703498338579,-9.79279311596883
17.815,-10.803641300114,-3.09577553160246,-3.09577553160166,-10.0319779805339
17.8625,-11.2594976168314,-3.58794115258199,-3.58794115258079,-10.4826437844197
17.91,-11.9137223083686,-4.15267733020574,-4.15267733020424,-11.1214229239762
17.9575,-12.7360884090754,-4.76398494772181,-4.76398494772028,-11.9164136937279
18.005,-13.6939956613294,-5.39593459854268,-5.39593459854116,-12.832552596572
18.0525,-14.7552747753206,-6.02656982442879,-6.02656982442766,-13.833913831415
18.1,-15.8867116953483,-6.63979447623113,-6.63979447623024,-14.8823619380946
18.1475,-17.048629670385,-7.22552629038105,-7.22552629038054,-15.9334624712103
18.195,-18.1866777397726,-7.77879777302805,-7.77879777302782,-16.9317671338456
18.2425,-19.2242815138062,-8.29844210476277,-8.29844210476276,-17.8094893902919
18.29,-20.0645076956451,-8.78578886676217,-8.78578886676233,-18.4944282967755
18.3375,-20.6134231710975,-9.24358299908056,-9.2435829990807,-18.930059389987
18.385,-20.8226040235808,-9.6751914763272,-9.67519147632734,-19.0988665172955
18.4325,-20.7174194836583,-10.0840786024795,-10.0840786024796,-19.0300892590523
18.48,-20.3801793807501,-10.4734954985112,-10.4734954985112,-18.7841589226336
18.5275,-19.906532613865,-10.8463230808958,-10.8463230808956,-18.4276980958712
18.575,-19.3738592389658,-11.2050156911729,-11.2050156911726,-18.0162032013405
18.6225,-18.8329780961118,-11.5516050760339,-11.5516050760334,-17.5886596404475
18.67,-18.3128221575269,-11.8877366595705,-11.8877366595699,-17.1693989174961
18.7175,-17.8278135039297,-12.2147199825378,-12.2147199825371,-16.772143826518
18.765,-17.3837715575589,-12.5335824265964,-12.5335824265957,-16.4037198126356
18.8125,-16.9817616361178,-12.8451202395499,-12.8451202395491,-16.0667530546027
18.86,-16.6203797828503,-13.1499439906925,-13.1499439906917,-15.7614366474884
18.9075,-16.2970456087934,-13.4485174490144,-13.4485174490135,-15.4866252469395
18.955,-16.0087118128584,-13.7411899174968,-13.7411899174959,-15.2404922023763
19.0025,-15.7522425852225,-14.0282225816625,-14.0282225816617,-15.0209151568295
19.05,-15.5246073637555,-14.3098096479579,-14.3098096479571,-14.8256972318611
19.0975,-15.3229727951421,-14.5860950915718,-14.5860950915711,-14.6526899742179
19.145,-15.1447392641861,-14.8571857869432,-14.8571857869424,-14.4998581149218
19.1925,-14.9875478314648,-15.1231617068471,-15.1231617068464,-14.3653101616408
19.24,-14.8492719480675,-15.3840837756274,-15.3840837756266,-14.2473091823089
19.2875,-14.7280019049499,-15.6399998638063,-15.6399998638057,-14.1442723519211
19.335,-14.6220263833412,-15.8909493221814,-15.8909493221807,-14.0547643730036
19.3825,-14.5298134568284,-16.1369663763358,-16.1369663763352,-13.9774878055486
19.43,-14.4499922639015,-16.3780826376351,-16.3780826376345,-13.9112720950547
19.4775,-14.3813359364716,-16.6143289333593,-16.6143289333588,-13.8550623356766
19.525,-14.3227460189929,-16.8457366152775,-16.845736615277,-13.807908351965
19.5725,-14.2732384223045,-17.07233847118,-17.0723384711795,-13.7689544094206
19.62,-14.2319308568185,-17.2941693361974,-17.2941693361969,-13.7374297003686
19.6675,-14.1980316416267,-17.5112664788431,-17.5112664788425,-13.7126396547496
19.715,-14.1708297667891,-17.7236698195109,-17.7236698195102,-13.6939580693477
19.7625,-14.1496860824703,-17.9314220256886,-17.9314220256879,-13.6808200178604
19.81,-14.1340254932493,-18.134568517659,-18.1345685176584,-13.6727154882908
19.8575,-14.1233300445839,-18.3331574103061,-18.3331574103055,-13.6691836873803
19.905,-14.1171327986791,-18.5272394103518,-18.5272394103511,-13.6698079504802
19.9525,-14.1150124075676,-18.7168676834907,-18.7168676834899,-13.6742111970593
20,-14.1165883013756,-18.9020977021693,-18.9020977021684,-13.6820518755453
